{
  "project_info": {
    "project_number": "526111031135",
    "project_id": "android-ct-sdk",
    "storage_bucket": "android-ct-sdk.appspot.com"
  },
  "client": [
    {
      "client_info": {
        "mobilesdk_app_id": "1:526111031135:android:0821d3d60391f52d7800ea",
        "android_client_info": {
          "package_name": "com.cc.example.android_ct_sdk"
        }
      },
      "oauth_client": [
        {
          "client_id": "526111031135-mp3rb2c3no5d4r1fma5if6gbtu5einm2.apps.googleusercontent.com",
          "client_type": 3
        }
      ],
      "api_key": [
        {
          "current_key": "AIzaSyA_2jYWajUCWv6rU3SDRPTfAOOZDQje0T8"
        }
      ],
      "services": {
        "appinvite_service": {
          "other_platform_oauth_client": [
            {
              "client_id": "526111031135-mp3rb2c3no5d4r1fma5if6gbtu5einm2.apps.googleusercontent.com",
              "client_type": 3
            }
          ]
        }
      }
    }
  ],
  "configuration_version": "1"
}